Agnes Rios,(705) 746-6656
Janice King,(240) 820-8419
Gary Huff,(356) 210-6120
Stephen Hill,(916) 473-3838
Kristi Griffin,(373) 519-0522
Malcolm Fields,(713) 727-6161
Lela Mckenzie,(408) 715-5008
Wm Love,(796) 420-8930
Nancy Higgins,(288) 323-9394
Erin Daniel,(681) 906-0797
Jacob Torres,(394) 275-8077
Natalie Robinson,(243) 724-5312
Latoya Aguilar,(214) 557-5894
Mattie Gilbert,(809) 955-9609
Jessie Day,(769) 761-2117
Wallace Moreno,(253) 588-4006
Reginald Pope,(260) 560-4710
Billie Sandoval,(650) 595-9962
Lola Gordon,(658) 697-2136
James Hampton,(237) 742-2667
Mandy Holloway,(771) 263-5572
Josephine Black,(626) 492-8570
Alexander Cannon,(867) 900-6060
Constance Drake,(225) 728-3689
Kristin Guerrero,(330) 705-1913
